{
  "project_info": {
    "project_number": "110541902757",
    "firebase_url": "https://mail-gram.firebaseio.com",
    "project_id": "mail-gram",
    "storage_bucket": "mail-gram.appspot.com"
  },
  "client": [
    {
      "client_info": {
        "mobilesdk_app_id": "1:110541902757:android:c45fe289f652546a",
        "android_client_info": {
          "package_name": "ir.mailgram.messenger"
        }
      },
      "oauth_client": [
        {
          "client_id": "110541902757-mqmmljs3qh72ar43fekc7kki118jvks0.apps.googleusercontent.com",
          "client_type": 3
        }
      ],
      "api_key": [
        {
          "current_key": "AIzaSyDknz7JAG21wHqc7AQS1OS1W_a5wwzD71g"
        }
      ],
      "services": {
        "analytics_service": {
          "status": 1
        },
        "appinvite_service": {
          "status": 1,
          "other_platform_oauth_client": []
        },
        "ads_service": {
          "status": 2
        }
      }
    }
  ],
  "configuration_version": "1"
}